time,id,temp
1521711507963,T3,27.62
1521711508995,T1,25.44
1521711510029,T2,23.87
1521711516062,T3,27.69
1521711517095,T1,25.50
1521711518129,T2,23.87
1521711524162,T3,27.69
1521711525196,T1,25.44
1521711526228,T2,23.87
1521711532262,T3,27.69
1521711533296,T1,25.50
1521711534329,T2,23.87
1521711596351,T3,27.81
1521711597384,T1,25.50
1521711598420,T2,23.87
1521711604450,T3,27.81
1521711605484,T1,25.44
1521711606518,T2,23.81
1521711612550,T3,27.75
1521711613584,T1,25.44
1521711614618,T2,23.87
1521711620650,T3,27.75
1521711621684,T1,25.44
1521711622718,T2,23.87
1521711628754,T3,27.75
1521711629784,T1,25.44
1521711630817,T2,23.87
1521711636851,T3,27.81
1521711637884,T1,25.44
1521711638918,T2,23.87
1521711644950,T3,27.81
1521711645984,T1,25.44
1521711647018,T2,23.87
1521711653051,T3,27.81
1521711654085,T1,25.50
1521711655117,T2,23.87
1521711661152,T3,27.87
1521711662185,T1,25.50
1521711663219,T2,23.87
1521711669252,T3,27.94
1521711670286,T1,25.44
1521711671319,T2,23.94
1521711677352,T3,27.94
1521711678386,T1,25.44
1521711679419,T2,23.94
1521711685453,T3,28.00
1521711686485,T1,25.37
1521711687520,T2,23.94
1521711693552,T1,25.44
1521711694585,T2,23.94
1521711700618,T1,25.44
1521711701652,T2,23.94
1521711707685,T1,25.50
1521711708719,T2,23.94
1521711715786,T1,25.81
1521711716820,T2,23.94
1521711723886,T1,26.94
1521711724920,T2,23.94
1521711730954,T3,39.31
1521711731987,T1,27.37
1521711733020,T2,23.94
1521711739053,T3,41.06
1521711740086,T1,27.56
1521711741120,T2,23.94
1521711747153,T3,40.25
1521711748187,T1,27.62
1521711749220,T2,23.94
1521711755254,T3,38.81
1521711756288,T1,27.44
1521711757320,T2,23.94
1521711763353,T3,38.13
1521711764387,T1,27.37
1521711765421,T2,23.94
1521711771453,T3,37.25
1521711772487,T1,27.19
1521711773520,T2,23.94
1521711779553,T3,36.69
1521711780587,T1,27.00
1521711781621,T2,23.94
1521711787652,T3,36.25
1521711788687,T1,26.87
1521711789721,T2,23.94
1521711795755,T3,35.81
1521711796787,T1,26.69
1521711797821,T2,23.94
1521711803854,T3,35.69
1521711804887,T1,26.62
1521711811955,T3,35.75
1521711812988,T1,26.62
1521711814020,T2,23.94
1521711820054,T3,35.50
1521711821087,T1,26.62
1521711822122,T2,23.94
1521711828154,T3,35.31
1521711829187,T1,26.50
1521711830221,T2,23.94
1521711836254,T3,35.19
1521711837288,T1,26.37
1521711838320,T2,23.94
1521711844354,T3,35.19
1521711845387,T1,26.31
1521711846421,T2,23.94
1521711852454,T3,35.13
1521711853487,T1,26.19
1521711854521,T2,23.94
1521711860554,T3,35.31
1521711861587,T1,26.19
1521711862620,T2,23.94
1521711868655,T3,35.56
1521711869687,T1,26.25
1521711870721,T2,23.94
1521711876756,T3,35.56
1521711877788,T1,26.25
1521711878821,T2,23.94
1521711884854,T3,35.31
1521711885888,T1,26.19
1521711886922,T2,23.94
1521711892956,T3,35.25
1521711893988,T1,26.12
1521711895021,T2,24.00
1521711901054,T3,35.13
1521711902087,T1,26.06
1521711903121,T2,23.94
1521711909154,T3,35.00
1521711910188,T1,26.00
1521711911220,T2,24.00
1521711917256,T3,34.81
1521711918287,T1,25.94
1521711919321,T2,23.94
1521711925354,T3,34.63
1521711926389,T1,25.87
1521711927420,T2,24.00
1521711933453,T3,34.44
1521711934488,T1,25.81
1521711935522,T2,23.94
1521711941554,T3,34.31
1521711942587,T1,25.75
1521711943621,T2,23.94
1521711949654,T3,34.25
1521711950688,T1,25.69
1521711951721,T2,23.94
1521711957754,T3,34.06
1521711958788,T1,25.62
1521711959822,T2,23.94
1521711965855,T3,33.94
1521711966889,T1,25.56
1521711967922,T2,23.94
1521711973955,T3,33.81
1521711974989,T1,25.56
1521711976023,T2,23.94
1521711982055,T3,33.75
1521711983089,T1,25.56
1521711984123,T2,23.94
1521711990156,T3,33.69
1521711991188,T1,25.56
1521711992222,T2,23.94
1521711998257,T3,33.69
1521711999288,T1,25.50
1521712000323,T2,23.94
1521712006356,T3,33.69
1521712007390,T1,25.50
1521712008424,T2,23.94
1521712014457,T3,33.63
1521712015492,T1,25.50
1521712016523,T2,23.94
1521712022555,T3,33.69
1521712023589,T1,25.50
1521712024623,T2,23.94
1521712030656,T3,33.63
1521712031689,T1,25.50
1521712032723,T2,23.94
1521712038756,T3,33.56
1521712039789,T1,25.44
1521712040823,T2,23.94
1521712046857,T3,33.56
1521712047889,T1,25.44
1521712048923,T2,23.94
1521712054956,T3,33.50
1521712055989,T1,25.44
1521712057023,T2,23.94
1521712063056,T3,33.56
1521712064090,T1,25.44
1521712065125,T2,23.94
1521712071156,T3,33.50
1521712072189,T1,25.44
1521712073223,T2,23.94
1521712079257,T3,33.44
1521712080290,T1,25.37
1521712081323,T2,23.87
1521712087356,T3,33.38
1521712088390,T1,25.37
1521712089424,T2,23.94
1521712095456,T3,33.31
1521712096490,T1,25.37
1521712097526,T2,23.87
1521712103556,T3,33.31
1521712104592,T1,25.37
1521712105624,T2,23.87
1521712111657,T3,33.38
1521712112691,T1,25.37
1521712113724,T2,23.87
1521712119758,T3,33.25
1521712120790,T1,25.37
1521712121824,T2,23.87
1521712127856,T3,33.25
1521712128890,T1,25.37
1521712129924,T2,23.87
1521712135957,T3,33.19
1521712136991,T1,25.31
1521712138023,T2,23.87
1521712144057,T3,33.06
1521712145091,T1,25.25
1521712146124,T2,23.87
1521712152157,T3,33.06
1521712153189,T1,25.25
1521712154223,T2,23.87
1521712160256,T3,33.06
1521712161290,T1,25.25
1521712162323,T2,23.87
1521712168357,T3,33.19
1521712169389,T1,25.25
1521712170423,T2,23.87
1521712176456,T3,33.19
1521712177491,T1,25.25
1521712178524,T2,23.87
1521712184557,T3,33.06
1521712185589,T1,25.19
1521712186624,T2,23.87
1521712192656,T3,33.06
1521712193690,T1,25.19
1521712194723,T2,23.87
1521712200757,T3,33.06
1521712201789,T1,25.19
1521712202823,T2,23.87
1521712208857,T3,33.13
1521712209890,T1,25.19
1521712210923,T2,23.87
1521712216957,T3,33.00
1521712217990,T1,25.19
1521712219025,T2,23.87
1521712225058,T3,33.06
1521712226091,T1,25.19
1521712227123,T2,23.87
1521712233157,T3,33.06
1521712234190,T1,25.19
1521712235224,T2,23.87
1521712241258,T3,33.06
1521712242295,T1,25.19
1521712243324,T2,23.87
1521712249357,T3,33.06
1521712250390,T1,25.19
1521712251424,T2,23.87
1521712257457,T3,33.06
1521712258490,T1,25.25
1521712259524,T2,23.87
1521712265557,T3,33.13
1521712266598,T1,25.25
1521712267624,T2,23.87
1521712273658,T3,33.13
1521712274691,T1,25.25
1521712275725,T2,23.87
1521712281760,T3,33.31
1521712282792,T1,25.37
1521712283825,T2,23.94
1521712289858,T3,33.31
1521712290892,T1,25.37
1521712291926,T2,23.94
1521712297958,T3,33.44
1521712298992,T1,25.44
1521712300026,T2,23.94
1521712306060,T3,33.56
1521712307093,T1,25.50
1521712308125,T2,23.94
1521712314158,T3,33.44
1521712315192,T1,25.50
1521712316227,T2,23.94
1521712322258,T3,33.31
1521712323292,T1,25.44
1521712324326,T2,23.94
1521712330358,T3,33.19
1521712331393,T1,25.44
1521712332426,T2,23.87
1521712338458,T3,33.06
1521712339491,T1,25.44
1521712340525,T2,23.87
1521712346557,T3,33.00
1521712347591,T1,25.44
1521712348625,T2,23.87
1521712354658,T3,33.00
1521712355691,T1,25.37
1521712356725,T2,23.87
1521712362759,T3,33.00
1521712363792,T1,25.37
1521712364825,T2,23.94
1521712370860,T3,33.00
1521712371892,T1,25.31
1521712372927,T2,23.87
1521712378959,T3,32.94
1521712379992,T1,25.37
1521712381026,T2,23.87
1521712387059,T3,32.94
1521712388093,T1,25.37
1521712389125,T2,23.87
1521712395159,T3,33.19
1521712396193,T1,25.44
1521712397227,T2,23.87
1521712403259,T3,33.06
1521712404294,T1,25.44
1521712405325,T2,23.87
1521712411360,T3,33.06
1521712412393,T1,25.44
1521712413426,T2,23.87
1521712419459,T3,33.06
1521712420493,T1,25.44
1521712421527,T2,23.87
1521712427559,T3,33.19
1521712428594,T1,25.44
1521712429626,T2,23.87
1521712435661,T3,33.19
1521712436693,T1,25.37
1521712437727,T2,23.87
1521712443759,T3,33.38
1521712444794,T1,25.37
1521712445827,T2,23.87
1521712451860,T3,33.50
1521712452893,T1,25.31
1521712453927,T2,23.87
1521712459959,T3,33.56
1521712460993,T1,25.31
1521712462026,T2,23.87
1521712468060,T3,33.69
1521712469092,T1,25.25
1521712470126,T2,23.87
1521712476159,T3,33.69
1521712477193,T1,25.25
1521712478227,T2,23.87
1521712484259,T3,33.69
1521712485293,T1,25.25
1521712486328,T2,23.87
1521712492360,T3,33.63
1521712493394,T1,25.19
1521712494426,T2,23.87
1521712500460,T3,33.63
1521712501493,T1,25.19
1521712502526,T2,23.87
1521712508559,T3,33.63
1521712509593,T1,25.19
1521712510627,T2,23.87
1521712516660,T3,33.75
1521712517693,T1,25.25
1521712518728,T2,23.87
1521712524760,T3,33.75
1521712525794,T1,25.25
1521712526829,T2,23.87
1521712532860,T3,33.69
1521712533894,T1,25.25
1521712534928,T2,23.87
1521712540961,T3,33.50
1521712541994,T1,25.19
1521712543028,T2,23.87
1521712549061,T3,33.44
1521712550095,T1,25.19
1521712551128,T2,23.87
1521712557162,T3,33.50
1521712558194,T1,25.19
1521712559229,T2,23.87
1521712565261,T3,33.44
1521712566294,T1,25.19
1521712567328,T2,23.87
1521712573361,T3,33.44
1521712574394,T1,25.19
1521712575429,T2,23.87
1521712581461,T3,33.38
1521712582495,T1,25.19
1521712583529,T2,23.87
1521712589563,T3,33.44
1521712590595,T1,25.19
1521712591629,T2,23.87
1521712597661,T3,33.31
1521712598696,T1,25.19
1521712599729,T2,23.94
1521712605762,T3,33.19
1521712606795,T1,25.19
1521712607829,T2,23.87
1521712613861,T3,33.13
1521712614895,T1,25.19
1521712615928,T2,23.87
1521712621961,T3,33.06
1521712622995,T1,25.19
1521712624029,T2,23.87
1521712630062,T3,33.13
1521712631096,T1,25.19
1521712632129,T2,23.94
1521712638162,T3,33.13
1521712639196,T1,25.19
1521712640229,T2,23.87
1521712646262,T3,33.19
1521712647295,T1,25.25
1521712648330,T2,23.87
1521712654362,T3,33.19
1521712655396,T1,25.31
1521712656429,T2,23.94
1521712662462,T3,33.38
1521712663496,T1,25.50
1521712664531,T2,23.94
1521712670563,T3,33.38
1521712671596,T1,25.50
1521712672629,T2,23.94
1521712678664,T3,33.44
1521712679696,T1,25.62
1521712680730,T2,23.94
1521712686762,T3,33.44
1521712687796,T1,25.62
1521712688829,T2,23.94
1521712694864,T3,33.38
1521712695896,T1,25.69
1521712696930,T2,23.94
1521712702963,T3,33.25
1521712703996,T1,25.62
1521712705030,T2,23.94
1521712711062,T3,33.13
1521712712095,T1,25.56
1521712713130,T2,23.94
1521712719163,T3,33.13
1521712720196,T1,25.62
1521712721229,T2,23.94
1521712727263,T3,33.19
1521712728296,T1,25.69
1521712729330,T2,23.94
1521712735363,T3,33.25
1521712736398,T1,25.62
1521712737431,T2,23.94
1521712743463,T3,33.13
1521712744497,T1,25.62
1521712745530,T2,23.94
1521712751564,T3,32.94
1521712752597,T1,25.56
1521712753630,T2,23.87
1521712759663,T3,33.06
1521712760697,T1,25.50
1521712761731,T2,23.87
1521712767762,T3,33.13
1521712768797,T1,25.50
1521712769830,T2,23.87
1521712775863,T3,33.19
1521712776896,T1,25.44
1521712777931,T2,23.87
1521712783964,T3,33.38
1521712784998,T1,25.44
1521712786029,T2,23.94
1521712792063,T3,33.69
1521712793097,T1,25.44
1521712794132,T2,23.94
1521712800166,T3,33.88
1521712801197,T1,25.50
1521712802231,T2,23.94
1521712808264,T3,34.06
1521712809297,T1,25.56
1521712810331,T2,23.94
1521712816364,T3,34.19
1521712817398,T1,25.56
1521712818430,T2,24.00
1521712824463,T3,34.25
1521712825496,T1,25.62
1521712826531,T2,24.00
1521712832564,T3,34.38
1521712833598,T1,25.62
1521712834630,T2,24.00
1521712840664,T3,34.38
1521712841697,T1,25.62
1521712842731,T2,24.00
1521712848764,T3,34.38
1521712849798,T1,25.62
1521712850831,T2,24.00
1521712856864,T3,34.38
1521712857898,T1,25.62
1521712858931,T2,24.06
1521712864965,T3,34.25
1521712865998,T1,25.62
1521712867031,T2,24.06
1521712873065,T3,34.31
1521712874098,T1,25.62
1521712875132,T2,24.06
1521712881165,T3,34.31
1521712882198,T1,25.62
1521712883231,T2,24.06
1521712889264,T3,34.31
1521712890296,T1,25.62
1521712891330,T2,24.12
1521712897363,T3,34.13
1521712898398,T1,25.62
1521712899431,T2,24.12
1521712905464,T3,34.06
1521712906496,T1,25.69
1521712907530,T2,24.12
1521712913564,T3,34.00
1521712914597,T1,25.75
1521712915631,T2,24.12
1521712921666,T3,33.94
1521712922698,T1,25.75
1521712923730,T2,24.12
1521712929764,T3,33.94
1521712930797,T1,25.75
1521712931831,T2,24.12
1521712937864,T3,33.88
1521712938898,T1,25.75
1521712939931,T2,24.19
1521712945964,T3,33.81
1521712946997,T1,25.69
1521712948032,T2,24.19
1521712954065,T3,33.81
1521712955098,T1,25.69
1521712956132,T2,24.19
1521712962165,T3,33.81
1521712963198,T1,25.69
1521712964232,T2,24.19
1521712970265,T3,33.75
1521712971298,T1,25.69
1521712972332,T2,24.19
1521712978365,T3,33.75
1521712979400,T1,25.69
1521712980434,T2,24.25
1521712986466,T3,33.69
1521712987500,T1,25.69
1521712988532,T2,24.25
1521712994565,T3,33.75
1521712995599,T1,25.69
1521712996632,T2,24.25
1521713002666,T3,33.81
1521713003699,T1,25.69
1521713004733,T2,24.25
1521713010765,T3,33.75
1521713011799,T1,25.69
1521713012833,T2,24.25
1521713018866,T3,33.69
1521713019900,T1,25.69
1521713020933,T2,24.25
1521713026966,T3,33.69
1521713027999,T1,25.69
1521713029033,T2,24.25
1521713035066,T3,33.69
1521713036099,T1,25.69
1521713037133,T2,24.25
1521713043166,T3,33.69
1521713044199,T1,25.75
1521713045234,T2,24.25
1521713051266,T3,33.56
1521713052299,T1,25.81
1521713053333,T2,24.25
1521713059366,T3,33.56
1521713060400,T1,25.81
1521713061433,T2,24.31
1521713067466,T3,33.50
1521713068500,T1,25.81
1521713069533,T2,24.31
1521713075569,T3,33.56
1521713076601,T1,25.81
1521713077633,T2,24.31
1521713083666,T3,33.56
1521713084699,T1,25.81
1521713085732,T2,24.31
1521713091766,T3,33.56
1521713092799,T1,25.81
1521713093832,T2,24.31
1521713099865,T3,33.56
1521713100899,T1,25.81
1521713101932,T2,24.31
1521713107966,T3,33.56
1521713108999,T1,25.81
1521713110033,T2,24.31
1521713116066,T3,33.63
1521713117100,T1,25.81
1521713118132,T2,24.31
1521713124167,T3,33.63
1521713125199,T1,26.00
1521713126233,T2,24.37
1521713132266,T3,33.63
1521713133299,T1,26.06
1521713134334,T2,24.37
1521713140367,T3,33.56
1521713141401,T1,26.00
1521713142434,T2,24.37
1521713148468,T3,33.56
1521713149502,T1,26.00
1521713150534,T2,24.37
1521713156567,T3,33.50
1521713157600,T1,26.00
1521713158634,T2,24.37
1521713164667,T3,33.50
1521713165700,T1,26.06
1521713166734,T2,24.37
1521713172767,T3,33.56
1521713173801,T1,26.31
1521713174834,T2,24.37
1521713180867,T3,33.56
1521713181902,T1,26.31
1521713182934,T2,24.37
1521713188967,T3,33.75
1521713190000,T1,26.31
1521713191034,T2,24.44
1521713197067,T3,33.44
1521713198102,T1,26.31
1521713199135,T2,24.44
1521713205166,T3,32.50
1521713206201,T1,26.37
1521713207235,T2,24.44
1521713213269,T3,31.56
1521713214300,T1,26.37
1521713215335,T2,24.44
1521713221368,T3,30.81
1521713222401,T1,26.37
1521713223435,T2,24.44
1521713229469,T3,30.12
1521713230503,T1,26.37
1521713231535,T2,24.44
1521713237568,T3,29.62
1521713238602,T1,26.37
1521713239634,T2,24.44
1521713245669,T3,29.19
1521713246701,T1,26.37
1521713247738,T2,24.44
1521713253768,T3,28.94
1521713254801,T1,26.50
1521713255835,T2,24.44
1521713261869,T3,28.75
1521713262901,T1,26.56
1521713263934,T2,24.44
1521713269968,T3,28.56
1521713271001,T1,26.56
1521713272035,T2,24.50
1521713278067,T3,28.37
1521713279101,T1,26.56
1521713280134,T2,24.50
1521713286169,T3,28.25
1521713287202,T1,26.56
1521713288235,T2,24.50
1521713294269,T3,28.19
1521713295302,T1,26.69
1521713296334,T2,24.50
1521713302368,T3,28.19
1521713303402,T1,26.81
1521713304435,T2,24.50
1521713310468,T3,28.19
1521713311502,T1,26.94
1521713312534,T2,24.50
1521713318569,T3,28.25
1521713319601,T1,27.06
1521713320635,T2,24.50
1521713326668,T3,28.31
1521713327701,T1,27.12
1521713328735,T2,24.50
1521713334768,T3,28.25
1521713335801,T1,27.06
1521713336835,T2,24.50
1521713342868,T3,28.25
1521713343901,T1,27.12
1521713344935,T2,24.56
1521713350970,T3,28.25
1521713352002,T1,27.12
1521713353035,T2,24.56
1521713359068,T3,28.25
1521713360104,T1,27.12
1521713361137,T2,24.56
1521713367169,T3,28.19
1521713368202,T1,27.19
1521713369236,T2,24.56
1521713375270,T3,28.12
1521713376301,T1,27.31
1521713377336,T2,24.56
1521713383370,T3,28.06
1521713384402,T1,27.19
1521713385435,T2,24.56
1521713391468,T3,28.19
1521713392503,T1,27.31
1521713393535,T2,24.56
1521713399570,T3,28.19
1521713400605,T1,27.31
1521713401637,T2,24.56
1521713407669,T3,28.25
1521713408702,T1,27.25
1521713409736,T2,24.56
1521713415768,T3,28.31
1521713416802,T1,27.12
1521713417836,T2,24.56
1521713423869,T3,28.31
1521713424902,T1,27.06
1521713425936,T2,24.62
1521713431969,T3,28.25
1521713433002,T1,27.00
1521713434036,T2,24.62
1521713440070,T3,28.19
1521713441103,T1,27.00
1521713442136,T2,24.62
1521713448169,T3,28.19
1521713449204,T1,27.00
1521713450238,T2,24.62
1521713456270,T3,28.12
1521713457304,T1,26.94
1521713458338,T2,24.62
1521713464370,T3,28.12
1521713465404,T1,27.00
1521713466437,T2,24.62
1521713472470,T3,28.19
1521713473504,T1,27.00
1521713474537,T2,24.62
1521713480570,T3,28.19
1521713481604,T1,27.06
1521713482639,T2,24.62
1521713488671,T3,28.12
1521713489703,T1,27.06
1521713490737,T2,24.62
1521713496770,T3,28.06
1521713497804,T1,27.06
1521713498839,T2,24.62
1521713504871,T3,28.06
1521713505904,T1,27.00
1521713506938,T2,24.62
1521713512971,T3,28.00
1521713514004,T1,26.94
1521713515039,T2,24.62
1521713521071,T3,28.00
1521713522104,T1,26.94
1521713523138,T2,24.62
1521713529171,T3,28.00
1521713530204,T1,26.94
1521713531238,T2,24.62
1521713537271,T3,27.94
1521713538305,T1,26.94
1521713539338,T2,24.62
1521713545372,T3,27.87
1521713546405,T1,26.94
1521713547438,T2,24.62
1521713553471,T3,27.87
1521713554505,T1,27.00
1521713555538,T2,24.62
1521713561572,T3,27.94
1521713562606,T1,27.06
1521713563638,T2,24.62
1521713569671,T3,27.94
1521713570705,T1,27.12
1521713571739,T2,24.62
1521713577771,T3,27.87
1521713578804,T1,27.06
1521713579839,T2,24.62
1521713585871,T3,27.81
1521713586905,T1,27.06
1521713587938,T2,24.62
1521713593971,T3,27.81
1521713595005,T1,27.00
1521713596039,T2,24.62
1521713602071,T3,27.87
1521713603106,T1,26.94
1521713604139,T2,24.62
1521713610172,T3,27.94
1521713611205,T1,26.94
1521713612240,T2,24.62
1521713618272,T3,27.94
1521713619305,T1,27.06
1521713620339,T2,24.62
1521713626371,T3,27.94
1521713627405,T1,27.00
1521713628440,T2,24.62
1521713634471,T3,28.00
1521713635505,T1,26.94
1521713636538,T2,24.62
1521713642571,T3,28.00
1521713643605,T1,26.87
1521713644640,T2,24.69
1521713650671,T3,28.00
1521713651705,T1,26.87
1521713652739,T2,24.69
1521713658772,T3,28.00
1521713659805,T1,26.87
1521713660839,T2,24.69
1521713666872,T3,28.00
1521713667905,T1,26.87
1521713668938,T2,24.69
1521713674971,T3,28.00
1521713676006,T1,26.94
1521713677040,T2,24.69
1521713683071,T3,28.00
1521713684105,T1,27.00
1521713685139,T2,24.69
1521713691171,T3,28.00
1521713692206,T1,26.94
1521713693239,T2,24.69
1521713699274,T3,27.94
1521713700307,T1,26.94
1521713701339,T2,24.69
1521713707374,T3,27.94
1521713708408,T1,26.87
1521713709440,T2,24.69
1521713715473,T3,28.00
1521713716506,T1,26.94
1521713717541,T2,24.69
1521713723573,T3,28.12
1521713724607,T1,26.94
1521713725640,T2,24.69
1521713731673,T3,28.12
1521713732706,T1,26.94
1521713733740,T2,24.75
1521713739773,T3,28.12
1521713740808,T1,26.87
1521713741839,T2,24.75
1521713747873,T3,28.19
1521713748908,T1,26.87
1521713749940,T2,24.75
1521713755974,T3,28.19
1521713757007,T1,26.87
1521713758041,T2,24.75
1521713764073,T3,28.31
1521713765107,T1,26.94
1521713766141,T2,24.75
1521713772176,T3,28.31
1521713773207,T1,26.94
1521713774240,T2,24.75
1521713780274,T3,28.25
1521713781307,T1,26.87
1521713782340,T2,24.75
1521713788374,T3,28.31
1521713789409,T1,26.81
1521713790440,T2,24.75
1521713796474,T3,28.37
1521713797507,T1,26.81
1521713798540,T2,24.75
1521713804574,T3,28.37
1521713805607,T1,26.75
1521713806643,T2,24.75
1521713812674,T3,28.31
1521713813708,T1,26.75
1521713814742,T2,24.75
1521713820775,T3,28.25
1521713821807,T1,26.81
1521713822841,T2,24.75
1521713828874,T3,28.37
1521713829908,T1,26.75
1521713830941,T2,24.81
1521713836974,T3,28.44
1521713838008,T1,26.81
1521713839041,T2,24.81
1521713845076,T3,28.44
1521713846108,T1,26.87
1521713847143,T2,24.81
1521713853174,T3,28.50
1521713854209,T1,26.81
1521713855241,T2,24.81
1521713861274,T3,28.44
1521713862308,T1,26.81
1521713863342,T2,24.81
1521713869375,T3,28.31
1521713870408,T1,26.81
1521713871441,T2,24.81
1521713877474,T3,28.19
1521713878510,T1,26.87
1521713879542,T2,24.81
1521713885574,T3,28.12
1521713886609,T1,26.87
1521713887640,T2,24.81
1521713893675,T3,28.06
1521713894709,T1,26.75
1521713895740,T2,24.81
1521713901773,T3,28.12
1521713902807,T1,26.81
1521713903841,T2,24.81
1521713909874,T3,28.19
1521713910907,T1,26.75
1521713911941,T2,24.81
1521713917974,T3,28.31
1521713919008,T1,26.81
1521713920041,T2,24.81
1521713926074,T3,28.31
1521713927108,T1,26.94
1521713928142,T2,24.81
1521713934175,T3,28.37
1521713935207,T1,27.12
1521713936241,T2,24.87
1521713942274,T3,28.37
1521713943308,T1,27.19
1521713944342,T2,25.06
1521713950376,T3,28.37
1521713951409,T1,27.19
1521713952444,T2,25.19
1521713958475,T3,28.50
1521713959510,T1,27.19
1521713960542,T2,25.12
1521713966577,T3,28.44
1521713967609,T1,27.37
1521713968643,T2,25.12
1521713974676,T3,28.44
1521713975709,T1,27.37
1521713976742,T2,25.06
1521713982776,T3,28.37
1521713983809,T1,27.37
1521713984843,T2,25.06
1521713990875,T3,28.25
1521713991909,T1,27.31
1521713992943,T2,25.06
1521713998977,T3,28.25
1521714000011,T1,27.31
1521714001043,T2,25.06
1521714007076,T3,28.31
1521714008109,T1,27.31
1521714009143,T2,25.00
1521714015177,T3,28.31
1521714016211,T1,27.25
1521714017243,T2,25.00
1521714023276,T3,28.31
1521714024309,T1,27.19
1521714025343,T2,25.00
1521714031376,T3,28.31
1521714032409,T1,27.31
1521714033444,T2,25.00
1521714039476,T3,28.37
1521714040510,T1,27.25
1521714041543,T2,25.00
1521714047581,T3,28.44
1521714048612,T1,27.25
1521714049643,T2,25.00
1521714055676,T3,28.37
1521714056710,T1,27.19
1521714057743,T2,25.00
1521714063777,T3,28.31
1521714064809,T1,27.12
1521714065843,T2,25.00
1521714071877,T3,28.37
1521714072910,T1,27.19
1521714073945,T2,25.00
1521714079977,T3,28.44
1521714081010,T1,27.31
1521714082044,T2,25.00
1521714088077,T3,28.50
1521714089111,T1,27.31
1521714090143,T2,25.00
1521714096177,T3,28.44
1521714097210,T1,27.25
1521714098244,T2,25.00
1521714104277,T3,28.37
1521714105310,T1,27.12
1521714106344,T2,25.00
1521714112378,T3,28.37
1521714113411,T1,27.12
1521714114444,T2,25.00
1521714120477,T3,28.37
1521714121511,T1,27.19
1521714122543,T2,25.00
1521714128577,T3,28.31
1521714129611,T1,27.12
1521714130644,T2,24.94
1521714136677,T3,28.37
1521714137711,T1,27.06
1521714138745,T2,25.00
1521714144777,T3,28.50
1521714145811,T1,27.12
1521714146844,T2,24.94
1521714152878,T3,28.62
1521714153912,T1,27.19
1521714154945,T2,25.00
1521714160977,T3,28.62
1521714162011,T1,27.19
1521714163045,T2,25.00
1521714169077,T3,28.69
1521714170111,T1,27.19
1521714171144,T2,25.00
1521714177178,T3,28.56
1521714178211,T1,27.19
1521714179245,T2,24.94
1521714185278,T3,28.50
1521714186310,T1,27.12
1521714187344,T2,24.94
1521714193378,T3,28.50
1521714194412,T1,27.06
1521714195445,T2,24.94
1521714201477,T3,28.44
1521714202515,T1,27.06
1521714203545,T2,24.94
1521714209578,T3,28.44
1521714210612,T1,27.12
1521714211645,T2,24.94
1521714217678,T3,28.50
1521714218711,T1,27.25
1521714219745,T2,24.94
1521714225778,T3,28.37
1521714226811,T1,27.25
1521714227845,T2,24.94
1521714233879,T3,28.37
1521714234911,T1,27.31
1521714235945,T2,24.94
1521714241979,T3,28.37
1521714243012,T1,27.25
1521714244046,T2,24.94
1521714250078,T3,28.31
1521714251112,T1,27.19
1521714252146,T2,24.94
1521714258178,T3,28.37
1521714259212,T1,27.25
1521714260244,T2,24.94
1521714266277,T3,28.31
1521714267311,T1,27.25
1521714268345,T2,24.94
1521714274378,T3,28.37
1521714275411,T1,27.37
1521714276445,T2,24.94
1521714282477,T3,28.44
1521714283511,T1,27.37
1521714284545,T2,24.94
1521714290578,T3,28.44
1521714291612,T1,27.37
1521714292645,T2,24.94
1521714298678,T3,28.44
1521714299712,T1,27.44
1521714300746,T2,24.87
1521714306778,T3,28.44
1521714307812,T1,27.37
1521714308845,T2,24.87
1521714314879,T3,28.37
1521714315914,T1,27.31
1521714316946,T2,24.87
1521714322980,T3,28.37
1521714324012,T1,27.25
1521714325046,T2,24.87
1521714331081,T3,28.44
1521714332114,T1,27.31
1521714333148,T2,24.87
1521714339180,T3,28.44
1521714340212,T1,27.37
1521714341246,T2,24.87
1521714347279,T3,28.44
1521714348313,T1,27.31
1521714349346,T2,24.87
1521714355381,T3,28.37
1521714356412,T1,27.25
1521714357448,T2,24.87
1521714363482,T3,28.37
1521714364513,T1,27.19
1521714365548,T2,24.87
1521714371580,T3,28.37
1521714372613,T1,27.12
1521714373649,T2,24.87
1521714379679,T3,28.37
1521714380713,T1,27.00
1521714381747,T2,24.87
1521714387780,T3,28.31
1521714388814,T1,27.00
1521714389846,T2,24.87
1521714395880,T3,28.31
1521714396913,T1,27.06
1521714397947,T2,24.87
1521714403980,T3,28.37
1521714405014,T1,27.06
1521714406048,T2,24.87
1521714412080,T3,28.31
1521714413114,T1,27.00
1521714414148,T2,24.87
1521714420180,T3,28.31
1521714421214,T1,27.00
1521714422247,T2,24.87
1521714428280,T3,28.31
1521714429313,T1,26.94
1521714430347,T2,24.87
1521714436380,T3,28.37
1521714437413,T1,26.94
1521714438447,T2,24.87
1521714444480,T3,28.37
1521714445514,T1,27.00
1521714446548,T2,24.94
1521714452580,T3,28.37
1521714453614,T1,26.94
1521714454647,T2,24.94
1521714460681,T3,28.37
1521714461714,T1,26.94
1521714462748,T2,24.94
1521714468782,T3,28.37
1521714469814,T1,27.00
1521714470848,T2,24.94
1521714476881,T3,28.37
1521714477914,T1,27.00
1521714478948,T2,24.94
1521714484981,T3,28.44
1521714486014,T1,27.00
1521714487048,T2,24.87
1521714493081,T3,28.44
1521714494114,T1,27.00
1521714495148,T2,24.87
1521714501181,T3,28.37
1521714502214,T1,26.94
1521714503247,T2,24.87
1521714509281,T3,28.37
1521714510314,T1,26.94
1521714511347,T2,24.94
1521714517381,T3,28.37
1521714518415,T1,26.94
1521714519448,T2,24.94
1521714525480,T3,28.44
1521714526514,T1,27.00
1521714527547,T2,24.87
1521714533580,T3,28.44
1521714534614,T1,26.94
1521714535648,T2,24.94
1521714541681,T3,28.44
1521714542715,T1,27.00
1521714543750,T2,24.94
1521714549781,T3,28.50
1521714550815,T1,27.06
1521714551847,T2,24.94
1521714557881,T3,28.50
1521714558915,T1,27.06
1521714559948,T2,24.94
1521714565981,T3,28.50
1521714567016,T1,27.06
1521714568048,T2,24.94
1521714574082,T3,28.50
1521714575114,T1,27.12
1521714576147,T2,24.94
1521714582181,T3,28.50
1521714583214,T1,27.12
1521714584248,T2,24.94
1521714590283,T3,28.50
1521714591314,T1,27.12
1521714592348,T2,24.94
1521714598381,T3,28.44
1521714599415,T1,27.12
1521714600448,T2,24.94
1521714606481,T3,28.44
1521714607516,T1,27.19
1521714608549,T2,24.94
1521714614582,T3,28.44
1521714615614,T1,27.19
1521714616648,T2,24.94
1521714622683,T3,28.50
1521714623717,T1,27.25
1521714624750,T2,24.94
1521714630783,T3,28.37
1521714631816,T1,27.19
1521714632850,T2,24.94
1521714638884,T3,28.37
1521714639916,T1,27.25
1521714640949,T2,24.94
1521714646984,T3,28.37
1521714648017,T1,27.31
1521714649049,T2,24.94
1521714655083,T3,28.31
1521714656116,T1,27.31
1521714657150,T2,24.94
1521714663183,T3,28.25
1521714664216,T1,27.25
1521714665250,T2,24.94
1521714671285,T3,28.31
1521714672316,T1,27.37
1521714673350,T2,24.94
1521714679384,T3,28.37
1521714680417,T1,27.44
1521714681449,T2,24.94
1521714687483,T3,28.31
1521714688516,T1,27.50
1521714689553,T2,24.94
1521714695583,T3,28.25
1521714696617,T1,27.50
1521714697650,T2,24.94
1521714703688,T3,28.25
1521714704717,T1,27.37
1521714705751,T2,24.94
1521714711784,T3,28.25
1521714712818,T1,27.37
1521714713850,T2,24.94
1521714719885,T3,28.31
1521714720917,T1,27.37
1521714721951,T2,24.94
1521714727983,T3,28.31
1521714729018,T1,27.31
1521714730051,T2,24.94
1521714736084,T3,28.31
1521714737117,T1,27.25
1521714738151,T2,24.94
1521714744183,T3,28.44
1521714745218,T1,27.25
1521714746251,T2,24.94
1521714752284,T3,28.50
1521714753318,T1,27.19
1521714754352,T2,24.94
1521714760384,T3,28.62
1521714761417,T1,27.19
1521714762451,T2,24.94
1521714768484,T3,28.56
1521714769518,T1,27.19
1521714770551,T2,24.94
1521714776584,T3,28.69
1521714777618,T1,27.31
1521714778652,T2,24.94
1521714784685,T3,28.75
1521714785719,T1,27.44
1521714786751,T2,24.94
1521714792784,T3,28.69
1521714793818,T1,27.37
1521714794851,T2,24.94
1521714800884,T3,28.69
1521714801918,T1,27.37
1521714802951,T2,25.00
1521714808984,T3,28.56
1521714810018,T1,27.25
1521714811052,T2,24.94
1521714817085,T3,28.56
1521714818118,T1,27.25
1521714819151,T2,24.94
1521714825185,T3,28.56
1521714826218,T1,27.25
1521714827252,T2,25.00
1521714833285,T3,28.50
1521714834318,T1,27.25
1521714835352,T2,25.00
1521714841385,T3,28.50
1521714842419,T1,27.19
1521714843451,T2,25.00
1521714849486,T3,28.44
1521714850519,T1,27.19
1521714851551,T2,25.00
1521714857585,T3,28.44
1521714858619,T1,27.25
1521714859653,T2,25.00
1521714865684,T3,28.50
1521714866717,T1,27.25
1521714867751,T2,25.00
1521714873784,T3,28.50
1521714874818,T1,27.31
1521714875851,T2,25.00
1521714881885,T3,28.56
1521714882918,T1,27.44
1521714883951,T2,25.00
1521714889986,T3,28.62
1521714891018,T1,27.50
1521714892051,T2,25.00
1521714898084,T3,28.56
1521714899118,T1,27.44
1521714900151,T2,25.00
1521714906184,T3,28.50
1521714907219,T1,27.44
1521714908251,T2,25.00
1521714914285,T3,28.56
1521714915317,T1,27.37
1521714916351,T2,25.00
1521714922384,T3,28.56
1521714923419,T1,27.37
1521714924451,T2,25.00
1521714930486,T3,28.62
1521714931519,T1,27.44
1521714932553,T2,24.94
1521714938586,T3,28.62
1521714939619,T1,27.37
1521714940653,T2,24.94
1521714946686,T3,28.62
1521714947719,T1,27.44
1521714948753,T2,24.94
1521714954787,T3,28.62
1521714955821,T1,27.50
1521714956853,T2,24.94
1521714962886,T3,28.69
1521714963919,T1,27.44
1521714964954,T2,25.00
1521714970986,T3,28.69
1521714972019,T1,27.44
1521714973053,T2,24.94
1521714979086,T3,28.69
1521714980119,T1,27.44
1521714981153,T2,24.94
1521714987185,T3,28.69
1521714988218,T1,27.44
1521714989252,T2,24.94
1521714995285,T3,28.62
1521714996319,T1,27.44
1521714997353,T2,25.00
1521715003386,T3,28.69
1521715004419,T1,27.44
1521715005453,T2,24.94
1521715011487,T3,28.69
1521715012519,T1,27.44
1521715013554,T2,24.94
1521715019585,T3,28.75
1521715020620,T1,27.44
1521718382286,T3,29.69
1521718383319,T1,27.75
1521718384352,T2,25.75
1521718390385,T3,29.62
1521718391418,T1,27.75
1521718392452,T2,25.75
1521718398485,T3,29.56
1521718399518,T1,27.75
1521718400552,T2,25.75
1521718406586,T3,29.56
1521718407618,T1,27.69
1521718408653,T2,25.75
1521718414685,T3,29.50
1521718415718,T1,27.75
1521718416752,T2,25.75
1521718422785,T3,29.56
1521718423819,T1,27.81
1521718424852,T2,25.81
1521718430885,T3,29.56
1521718431919,T1,27.87
1521718432952,T2,25.81
1521718438985,T3,29.62
1521718440019,T1,27.94
1521718441052,T2,25.81
1521718447087,T3,29.69
1521718448121,T1,27.94
1521718449154,T2,25.81
1521718455186,T3,29.81
1521718456220,T1,28.06
1521718457253,T2,25.81
1521718463288,T3,29.81
1521718464320,T1,28.12
1521718465354,T2,25.81
1521718471388,T3,29.75
1521718472420,T1,28.25
1521718473454,T2,25.81
1521718479486,T3,29.69
1521718480520,T1,28.19
1521718481555,T2,25.81
1521718487587,T3,29.75
1521718488620,T1,28.19
1521718489655,T2,25.81
1521718495687,T3,29.81
1521718496721,T1,28.19
1521718497754,T2,25.81
1521718503786,T3,29.75
1521718504819,T1,28.25
1521718505854,T2,25.81
1521718511887,T3,29.69
1521718512920,T1,28.19
1521718513955,T2,25.81
1521718519987,T3,29.62
1521718521021,T1,28.12
1521718522055,T2,25.81
1521718528088,T3,29.69
1521718529121,T1,28.06
1521718530154,T2,25.81
1521718536187,T3,29.62
1521718537221,T1,28.00
1521718538254,T2,25.81
1521718544287,T3,29.75
1521718545321,T1,28.00
1521718546355,T2,25.81
1521718552388,T3,29.75
1521718553421,T1,28.12
1521718554456,T2,25.81
1521718560487,T3,29.87
1521718561521,T1,28.19
1521718562555,T2,25.81
1521718568589,T3,29.81
1521718569621,T1,28.25
1521718570655,T2,25.81
1521718576689,T3,29.87
1521718577723,T1,28.31
1521718578757,T2,25.81
1521718584788,T3,29.81
1521718585822,T1,28.25
1521718586855,T2,25.81
1521718592888,T3,29.75
1521718593922,T1,28.19
1521718594955,T2,25.81
1521718600988,T3,29.75
1521718602021,T1,28.25
1521718603054,T2,25.81
1521718609089,T3,29.62
1521718610122,T1,28.19
1521718611155,T2,25.81
1521718617187,T3,29.62
1521718618222,T1,28.06
1521718619256,T2,25.81
1521718625289,T3,29.62
1521718626324,T1,28.25
1521718627357,T2,25.81
1521718633390,T3,29.69
1521718634423,T1,28.25
1521718635458,T2,25.81
1521718641490,T3,29.69
1521718642525,T1,28.25
1521718643557,T2,25.81
1521718649589,T3,29.62
1521718650624,T1,28.25
1521718651658,T2,25.81
1521718657690,T3,29.69
1521718658724,T1,28.31
1521718659757,T2,25.81
1521718665790,T3,29.75
1521718666824,T1,28.25
1521718667857,T2,25.81
1521718673891,T3,29.87
1521718674924,T1,28.44
1521718675958,T2,25.81
1521718681990,T3,29.94
1521718683023,T1,28.37
1521718684056,T2,25.81
1521718690089,T3,29.87
1521718691123,T1,28.37
1521718692156,T2,25.81
1521718698189,T3,29.75
1521718699223,T1,28.37
1521718700256,T2,25.81
1521718706290,T3,29.75
1521718707322,T1,28.44
1521718708356,T2,25.81
1521718714389,T3,29.69
1521718715423,T1,28.44
1521718716457,T2,25.81
1521718722491,T3,29.62
1521718723523,T1,28.44
1521718724557,T2,25.81
1521718730590,T3,29.62
1521718731624,T1,28.44
1521718732656,T2,25.81
1521718738690,T3,29.56
1521718739723,T1,28.44
1521718740757,T2,25.81
1521718746790,T3,29.62
1521718747823,T1,28.44
1521718748857,T2,25.87
1521718754890,T3,29.62
1521718755923,T1,28.50
1521718756958,T2,25.87
1521718762990,T3,29.56
1521718764024,T1,28.50
1521718765058,T2,25.87
1521718771090,T3,29.56
1521718772124,T1,28.69
1521718773158,T2,25.87
1521718779190,T3,29.50
1521718780223,T1,28.69
1521718781257,T2,25.87
1521718787290,T3,29.44
1521718788324,T1,28.56
1521718789358,T2,25.87
1521718795390,T3,29.44
1521718796439,T1,28.50
1521718797457,T2,25.87
1521718803490,T3,29.44
1521718804525,T1,28.50
1521718805558,T2,25.87
1521718811591,T3,29.50
1521718812625,T1,28.44
1521718813658,T2,25.87
1521718819692,T3,29.50
1521718820725,T1,28.50
1521718821759,T2,25.87
1521718827792,T3,29.56
1521718828826,T1,28.44
1521718829858,T2,25.87
1521718835892,T3,29.69
1521718836924,T1,28.44
1521718837959,T2,25.87
1521718843992,T3,29.69
1521718845025,T1,28.50
1521718846058,T2,25.87
1521718852093,T3,29.81
1521718853124,T1,28.44
1521718854159,T2,25.87
1521718860191,T3,29.87
1521718861226,T1,28.37
1521718862260,T2,25.87
1521718868292,T3,29.87
1521718869325,T1,28.31
1521718870358,T2,25.87
1521718876391,T3,29.87
1521718877425,T1,28.31
1521718878461,T2,25.94
1521718884492,T3,29.75
1521718885524,T1,28.37
1521718886558,T2,25.94
1521718892592,T3,29.81
1521718893624,T1,28.31
1521718894659,T2,25.94
1521718900691,T3,29.69
1521718901725,T1,28.25
1521718902758,T2,25.94
1521718908792,T3,29.62
1521718909825,T1,28.25
1521718910859,T2,25.94
1521718916892,T3,29.56
1521718917926,T1,28.19
1521718918959,T2,25.94
1521718924992,T3,29.44
1521718926025,T1,28.12
1521718927058,T2,25.94
1521718933093,T3,29.44
1521718934124,T1,28.06
1521718935159,T2,25.94
1521718941193,T3,29.37
1521718942226,T1,28.00
1521718943260,T2,25.94
1521718949293,T3,29.37
1521718950325,T1,27.94
1521718951359,T2,25.94
1521718957392,T3,29.37
1521718958426,T1,27.87
1521718959461,T2,25.94
1521718965493,T3,29.25
1521718966526,T1,27.81
1521718967559,T2,25.94
1521718973592,T3,29.25
1521718974625,T1,27.81
1521718975660,T2,25.94
1521718981693,T3,29.37
1521718982726,T1,27.94
1521718983759,T2,25.94
1521718989793,T3,29.62
1521718990826,T1,28.06
1521718991860,T2,25.94
1521718997892,T3,29.69
1521718998927,T1,28.00
1521718999959,T2,25.94
1521719005993,T3,29.56
1521719007026,T1,27.87
1521719008060,T2,25.94
1521719014093,T3,29.50
1521719015127,T1,27.81
1521719016160,T2,25.87
1521719022192,T3,29.56
1521719023228,T1,27.94
1521719024259,T2,25.87
1521719030293,T3,29.50
1521719031327,T1,27.87
1521719032361,T2,25.87
1521719038394,T3,29.50
1521719039427,T1,28.00
1521719040460,T2,25.87
1521719046494,T3,29.62
1521719047526,T1,28.31
1521719048561,T2,25.94
1521719054593,T3,29.81
1521719055627,T1,28.56
1521719056661,T2,25.94
1521719062693,T3,30.00
1521719063727,T1,28.81
1521719064762,T2,25.94
1521719070794,T3,30.00
1521719071828,T1,29.06
1521719072861,T2,25.94
1521719078894,T3,29.94
1521719079928,T1,29.00
1521719080961,T2,25.94
1521719086995,T3,29.87
1521719088029,T1,29.12
1521719089061,T2,25.94
1521719095095,T3,30.12
1521719096126,T1,29.44
1521719097162,T2,25.94
1521719103194,T3,30.12
1521719104228,T1,29.69
1521719105262,T2,25.94
1521719111295,T3,30.25
1521719112328,T1,29.81
1521719113362,T2,25.94
1521719119394,T3,30.25
1521719120429,T1,29.94
1521719121461,T2,25.94
1521719127494,T3,30.25
1521719128528,T1,30.06
1521719129562,T2,25.94
1521719135594,T3,30.12
1521719136628,T1,30.00
1521719137662,T2,25.94
1521719143694,T3,30.00
1521719144728,T1,29.62
1521719145762,T2,25.94
1521719151795,T3,30.06
1521719152827,T1,29.62
1521719153862,T2,25.94
1521719159895,T3,30.12
1521719160929,T1,29.62
1521719161962,T2,25.94
1521719167995,T3,30.31
1521719169028,T1,29.69
1521719170062,T2,25.94
1521719176095,T3,30.37
1521719177129,T1,29.56
1521719178162,T2,25.94
1521719184196,T3,30.19
1521719185228,T1,29.31
1521719186263,T2,25.94
1521719192296,T3,29.94
1521719193329,T1,28.94
1521719194363,T2,25.87
1521719200396,T3,29.87
1521719201429,T1,28.69
1521719202463,T2,25.87
1521719208495,T3,30.06
1521719209530,T1,28.87
1521719210562,T2,25.87
1521719216596,T3,30.12
1521719217629,T1,29.06
1521719218662,T2,25.94
1521719224698,T3,30.25
1521719225729,T1,29.31
1521719226763,T2,25.94
1521719232796,T3,30.25
1521719233829,T1,29.31
1521719234864,T2,25.87
1521719240897,T3,30.12
1521719241930,T1,29.06
1521719242964,T2,25.75
1521719248997,T3,29.94
1521719250031,T1,28.81
1521719251064,T2,25.69
1521719257097,T3,29.81
1521719258130,T1,28.50
1521719259164,T2,25.69
1521719265198,T3,29.62
1521719266230,T1,28.25
1521719267265,T2,25.75
1521719273298,T3,29.44
1521719274331,T1,28.25
1521719275364,T2,25.75
1521719281398,T3,29.50
1521719282430,T1,28.25
1521719283465,T2,25.75
1521719289497,T3,29.50
1521719290531,T1,28.25
1521719291564,T2,25.75
1521719297596,T3,29.56
1521719298630,T1,28.19
1521719299664,T2,25.75
1521719305696,T3,29.56
1521719306731,T1,28.12
1521719307764,T2,25.75
1521719313797,T3,29.62
1521719314829,T1,28.12
1521719315864,T2,25.75
1521719321896,T3,29.62
1521719322931,T1,28.12
1521719323964,T2,25.81
1521719329998,T3,29.56
1521719331030,T1,28.06
1521719332064,T2,25.81
1521719338097,T3,29.56
1521719339131,T1,28.06
1521719340165,T2,25.81
1521719346197,T3,29.62
1521719347231,T1,28.06
1521719348264,T2,25.81
1521719354297,T3,29.56
1521719355330,T1,28.12
1521719356364,T2,25.81
1521719362397,T3,29.56
1521719363432,T1,28.31
1521719364463,T2,25.81
1521719370497,T3,29.69
1521719371530,T1,28.50
1521719372565,T2,25.81
1521719378597,T3,29.75
1521719379631,T1,28.44
1521719380665,T2,25.87
1521719386698,T3,29.87
1521719387731,T1,28.50
1521719388766,T2,25.87
1521719394797,T3,30.06
1521719395832,T1,28.56
1521719396865,T2,25.87
1521719402898,T3,30.31
1521719403932,T1,29.00
1521719404965,T2,25.87
1521719410998,T3,30.69
1521719412031,T1,29.06
1521719413065,T2,25.94
1521719419098,T3,30.81
1521719420131,T1,29.06
1521719421165,T2,25.94
1521719427198,T3,31.37
1521719428232,T1,29.25
1521719429266,T2,25.94
1521719435298,T3,31.69
1521719436332,T1,29.69
1521719437365,T2,25.94
1521719443399,T3,31.44
1521719444431,T1,29.87
1521719445467,T2,25.94
1521719451498,T3,31.12
1521719452532,T1,29.81
1521719453565,T2,25.94
1521719459598,T3,31.00
1521719460631,T1,30.00
1521719461667,T2,25.94
1521719467698,T3,30.94
1521719468732,T1,30.12
1521719469765,T2,26.00
1521719475799,T3,30.87
1521719476831,T1,30.12
1521719477866,T2,26.00
1521719483898,T3,30.75
1521719484932,T1,30.31
1521719485966,T2,26.00
1521719491998,T3,30.69
1521719493032,T1,30.50
1521719494065,T2,26.00
1521719500099,T3,30.50
1521719501132,T1,30.56
1521719502166,T2,26.00
1521719508199,T3,30.50
1521719509233,T1,30.56
1521719510267,T2,26.00
1521719516299,T3,30.50
1521719517332,T1,30.62
1521719518366,T2,26.00
1521719524398,T3,30.25
1521719525433,T1,30.50
1521719526465,T2,26.00
1521719532499,T3,30.19
1521719533532,T1,30.56
1521719534566,T2,26.00
1521719540600,T3,30.06
1521719541634,T1,30.75
1521719542666,T2,25.94
1521719548700,T3,29.94
1521719549733,T1,30.62
1521719550767,T2,25.94
1521719556798,T3,29.75
1521719557833,T1,30.50
1521719558866,T2,25.94
1521719564900,T3,29.69
1521719565933,T1,30.56
1521719566967,T2,25.94
1521719572999,T3,29.56
1521719574033,T1,30.69
1521719575067,T2,25.94
1521719581100,T3,29.44
1521719582133,T1,30.62
1521719583167,T2,25.94
1521719589199,T3,29.37
1521719590233,T1,30.81
1521719591266,T2,26.00
1521719597300,T3,29.37
1521719598333,T1,30.81
1521719599367,T2,25.94
1521719605400,T3,29.37
1521719606433,T1,31.00
1521719607466,T2,26.00
1521719613499,T3,29.56
1521719614534,T1,31.25
1521719615567,T2,25.94
